FINAL_TEMP_VALUE,CARBONTEMPERATURE,0.565569832
FINAL_TEMP_VALUE,BEFARTEMP,0.099757841
FINAL_TEMP_VALUE,O_CONT,-0.285350841
FINAL_TEMP_VALUE,SCRAP_NUM,8.899183786
FINAL_TEMP_VALUE,L96053601,-0.026298302
FINAL_TEMP_VALUE,FIRSTCATCHOXYGENCONSUME,-0.1287892
FINAL_TEMP_VALUE,N2CONSUME,0.002155406
FINAL_TEMP_VALUE,SUBLANCE_INDEPTH,10.89569232
FINAL_TEMP_VALUE,FIRSTCATCHCARBONP,4.051205101
FINAL_TEMP_VALUE,SUM_BO_CSM,0.129808137
FINAL_TEMP_VALUE,SCRAP_16030101,-0.013032792
FINAL_TEMP_VALUE,FURNACESEQ,-0.008666912
FINAL_TEMP_VALUE,SCRAPWGT,-0.012973615
FINAL_TEMP_VALUE,SCRAPWGT_COUNT,0.010667996
FINAL_TEMP_VALUE,MIRON_TEMP,-0.001672158
FINAL_TEMP_VALUE,TIMEOFOXYGEN,-0.314751274
FINAL_TEMP_VALUE,COLDPIGWGT,-0.00157882
FINAL_TEMP_VALUE,MIRON_C,5.890891062
FINAL_TEMP_VALUE,SCRAP_96053101,-0.010219518
FINAL_TEMP_VALUE,LEQHEIGH,-1.051534142
FINAL_TEMP_VALUE,MIRON_SI,4.900736909
FINAL_TEMP_VALUE,LADLESTATUS,-6.048096724
FINAL_TEMP_VALUE,HEAT_WGT,0.009143306
FINAL_TEMP_VALUE,C_CONT,-13.11732831
FINAL_TEMP_VALUE,L96020400,0.001960558
FINAL_TEMP_VALUE,MIRON_WGT,0.000162735
FINAL_TEMP_VALUE,L12020301,0.015663888
FINAL_TEMP_VALUE,SCRAP_96052200,-0.002808804
FINAL_TEMP_VALUE,MIRON_MN,75.37895718
ZR,SCRAP_16040101,4.62E-06
ZR,L1602010074,-7.90E-08
ZR,SUBLANCE_AGE,4.52E-08
ZR,FURNACESEQ,2.21E-08
ZR,SCRAP_16020101,4.73E-06
ZR,MIRON_C,9.10E-05
ZR,SCRAPWGT_COUNT,-4.68E-06
ZR,LADLESTATUS,5.22E-06
ZR,MIRON_P,-0.001848742
ZR,MIRON_MN,-0.001198515
ZR,MIRON_S,0.002175604
ZR,SCRAPWGT,8.10E-09
ZR,L12010302,5.82E-08
ZR,SCRAP_96053101,4.66E-06
ZR,COLDPIGWGT,-2.19E-08
ZR,SCRAP_16030101,4.60E-06
ZR,HEAT_WGT,1.87E-08
ZR,SCRAP_16010101,4.67E-06
ZR,SPRAYGUNSEQ,-2.76E-08
ZR,L12010601,-5.19E-08
ZR,L96053601,-2.80E-08
ZR,L96020400,1.55E-09
ZR,MIRON_SI,0.000222986
ZR,MIRON_TEMP,2.73E-08
ZR,SCRAP_96052200,4.68E-06
ZR,BEFARTEMP,-1.10E-09
ZR,L12020301,7.23E-08
ZR,L96040100,-2.63E-09
ZR,CARBONTEMPERATURE,-3.59E-08
ZR,DOWNFURNACETIMES,-8.02E-06
W,RETURNSTEELWEIGHT,-0.001480354
W,TIMEOFOXYGEN,-1.60E-06
W,LADLESTATUS,0.000270194
W,L1602010074,-1.12E-06
W,FURNACESEQ,3.14E-07
W,SUBLANCE_AGE,1.05E-06
W,MIRON_C,0.00102642
W,SCRAP_16020101,5.23E-07
W,SCRAPWGT_COUNT,-1.56E-08
W,MIRON_P,-0.024941777
W,MIRON_MN,-0.007911451
W,C_CONT,0.000813146
W,MIRON_S,0.026070592
W,HEAT_WGT,-5.58E-08
W,SCRAP_16030101,-6.60E-07
W,MIRON_TEMP,5.02E-07
W,SCRAP_16010101,-2.15E-08
W,COLDPIGWGT,-2.00E-07
W,L96053601,-4.44E-07
W,SPRAYGUNSEQ,-3.55E-08
W,SCRAP_96053101,-8.56E-08
W,L12010601,-5.44E-07
W,SUBLANCE_INDEPTH,8.45E-06
W,SCRAPWGT,6.29E-08
W,L12010302,6.19E-07
W,N2CONSUME,4.09E-07
W,BEFARTEMP,-1.76E-07
W,CARBONTEMPERATURE,-1.05E-07
W,DOWNFURNACETIMES,-0.000123446
W,L12020301,4.39E-07
V,HEAT_WGT,3.02E-07
V,SCRAP_16010101,1.26E-07
V,MIRON_MN,0.010101143
V,SCRAP_96052200,4.42E-08
V,SCRAP_16020101,1.53E-08
V,SUBLANCE_AGE,-1.04E-06
V,SCRAP_NUM,-0.000110857
V,L96020400,-3.96E-08
V,SCRAP_96053101,3.74E-08
V,FURNACESEQ,2.32E-07
V,MIRON_P,-0.009889054
V,MIRON_S,0.001291909
V,L12020301,-3.67E-07
V,L96040200,-3.92E-08
V,SPRAYGUNSEQ,-8.31E-07
V,MIRON_C,-0.000402891
V,L12010601,-2.75E-07
V,C_CONT,0.000202384
V,MIRON_WGT,2.94E-09
V,L1602010074,2.60E-07
V,SUBLANCE_INDEPTH,1.67E-05
V,O_CONT,-1.35E-06
V,BEFARTEMP,-3.02E-07
V,LEQHEIGH,-6.47E-08
V,TOTALTIMEOFOXYGEN,1.02E-07
V,MIRON_SI,-0.000272444
V,L12010302,2.57E-07
V,SCRAPWGT,-1.56E-09
V,L96053601,1.29E-07
V,L12020201,4.19E-08
TOTAL_SLAB_WGT,O_CONT,-0.974576903
TOTAL_SLAB_WGT,SUBLANCE_INDEPTH,81.62147341
TOTAL_SLAB_WGT,FIRSTCATCHOXYGENCONSUME,1.711161869
TOTAL_SLAB_WGT,DOWNFURNACETIMES,896.6734508
TOTAL_SLAB_WGT,L1602010074,7.634329562
TOTAL_SLAB_WGT,TIMEOFOXYGEN,1.84208614
TOTAL_SLAB_WGT,SCRAP_16010101,-0.195436595
TOTAL_SLAB_WGT,SUM_BO_CSM,-0.257261782
TOTAL_SLAB_WGT,SCRAP_16020101,0.545432911
TOTAL_SLAB_WGT,PERIOD,0.034718461
TOTAL_SLAB_WGT,MIRON_SI,-4703.096848
TOTAL_SLAB_WGT,MIRON_S,-26000.46047
TOTAL_SLAB_WGT,FIRSTCATCHCARBONC,-2429.948983
TOTAL_SLAB_WGT,L12010601,-1.347983352
TOTAL_SLAB_WGT,SPRAYGUNSEQ,-4.24684533
TOTAL_SLAB_WGT,TOTALTIMEOFOXYGEN,-1.494226502
TOTAL_SLAB_WGT,SUBLANCE_AGE,4.366598099
TOTAL_SLAB_WGT,N2CONSUME,-0.153888917
TOTAL_SLAB_WGT,SCRAPWGT_COUNT,-0.363648056
TOTAL_SLAB_WGT,FURNACESEQ,0.204732225
TOTAL_SLAB_WGT,SCRAP_96052200,0.654549078
TOTAL_SLAB_WGT,TOTALOXYGENCONSUME,5.492654574
TOTAL_SLAB_WGT,MIRON_TEMP,-1.316362515
TOTAL_SLAB_WGT,SCRAP_96053101,0.101308544
TOTAL_SLAB_WGT,CARBONTEMPERATURE,-0.347970255
TOTAL_SLAB_WGT,MIRON_C,1048.659474
TOTAL_SLAB_WGT,L96020400,0.148201579
TOTAL_SLAB_WGT,MIRON_MN,15933.52591
TOTAL_SLAB_WGT,L96053601,-1.79381104
TOTAL_SLAB_WGT,MIRON_P,-4784.58659
TI,MIRON_P,-0.00393633
TI,SCRAPWGT,1.26E-08
TI,SCRAPWGT_COUNT,-4.73E-08
TI,MIRON_C,0.000136554
TI,FURNACESEQ,3.53E-08
TI,L1602010074,-7.24E-08
TI,LADLESTATUS,-4.41E-05
TI,SCRAP_16020101,1.09E-07
TI,MIRON_S,0.003830094
TI,MIRON_MN,-0.001064585
TI,L12020301,-6.15E-08
TI,SUBLANCE_AGE,6.42E-08
TI,SCRAP_16010101,4.78E-08
TI,SCRAP_16030101,-3.20E-08
TI,MIRON_TEMP,6.51E-08
TI,O_CONT,4.87E-08
TI,SCRAP_96053101,4.26E-08
TI,L12010601,6.02E-09
TI,L96040200,-4.20E-09
TI,SCRAP_96052200,5.63E-08
TI,FIRSTCATCHOXYGENCONSUME,5.28E-09
TI,N2CONSUME,-2.37E-08
TI,CARBONTEMPERATURE,-1.42E-08
TI,HEAT_WGT,1.07E-07
TI,BEFARTEMP,-1.17E-08
TI,SUBLANCE_INDEPTH,-1.14E-07
TI,SCRAP_NUM,7.10E-06
TI,FIRSTCATCHCARBONC,2.47E-05
TI,TOTALTIMEOFOXYGEN,6.53E-09
TI,L96053601,-7.25E-08
STEEL_SLAG,L12020301,2.104856349
STEEL_SLAG,L12020201,3.964244521
STEEL_SLAG,FURNACESEQ,1.108940936
STEEL_SLAG,SCRAP_96053101,-1.198341114
STEEL_SLAG,SCRAP_NUM,1980.077487
STEEL_SLAG,HEAT_WGT,1.676911107
STEEL_SLAG,SCRAP_96052200,1.132171591
STEEL_SLAG,SCRAP_16010101,0.864112031
STEEL_SLAG,L96040200,0.362027473
STEEL_SLAG,SCRAPWGT,0.533125314
STEEL_SLAG,MIRON_SI,-2146.065207
STEEL_SLAG,LEQHEIGH,-6.080205374
STEEL_SLAG,L96020400,0.080304095
STEEL_SLAG,L96040100,0.053018881
STEEL_SLAG,MIRON_S,-16494.47718
STEEL_SLAG,N2CONSUME,1.825743774
STEEL_SLAG,SCRAPWGT_COUNT,-0.633246097
STEEL_SLAG,L1602010074,-3.411646868
STEEL_SLAG,FIRSTCATCHOXYGENCONSUME,-0.818011973
STEEL_SLAG,COLDPIGWGT,0.583500556
STEEL_SLAG,FIRSTCATCHCARBONC,1787.370042
STEEL_SLAG,SCRAP_16030101,0.271994913
STEEL_SLAG,MIRON_C,-1006.378559
STEEL_SLAG,MIRON_P,18396.08518
STEEL_SLAG,L12010302,0.006286269
STEEL_SLAG,FIRSTCATCHCARBONP,-1974.204065
STEEL_SLAG,MIRON_TEMP,2.264238985
STEEL_SLAG,L96053601,-0.097290223
STEEL_SLAG,O_CONT,-0.736837313
STEELWGT_COUNT,FURNACESEQ,-2.016735049
STEELWGT_COUNT,SCRAP_96053101,-1.797351731
STEELWGT_COUNT,L96040200,-0.328388165
STEELWGT_COUNT,SCRAP_NUM,2893.869512
STEELWGT_COUNT,SCRAP_96052200,1.396237289
STEELWGT_COUNT,SCRAPWGT,0.268030805
STEELWGT_COUNT,MIRON_SI,-9799.283619
STEELWGT_COUNT,SCRAP_16010101,1.086089603
STEELWGT_COUNT,L96040100,0.082092179
STEELWGT_COUNT,L96020400,0.000509714
STEELWGT_COUNT,SCRAPWGT_COUNT,7.19621838
STEELWGT_COUNT,LEQHEIGH,0.752549987
STEELWGT_COUNT,MIRON_S,-66136.69897
STEELWGT_COUNT,N2CONSUME,3.164268708
STEELWGT_COUNT,L12010302,0.150225993
STEELWGT_COUNT,FIRSTCATCHOXYGENCONSUME,1.76057128
STEELWGT_COUNT,MIRON_P,48365.63801
STEELWGT_COUNT,FIRSTCATCHCARBONP,-746.825764
STEELWGT_COUNT,COLDPIGWGT,8.130618866
STEELWGT_COUNT,L12010601,-1.378023028
STEELWGT_COUNT,MIRON_MN,45900.60887
STEELWGT_COUNT,SCRAP_16030101,0.247906744
STEELWGT_COUNT,SCRAP_96052501,-341.3430825
STEELWGT_COUNT,SUM_BO_CSM,-0.054883922
STEELWGT_COUNT,DOWNFURNACETIMES,259.9921776
STEELWGT_COUNT,L12020301,1.15731134
STEELWGT_COUNT,FIRSTCATCHCARBONC,1836.146708
STEELWGT_COUNT,CARBONTEMPERATURE,-0.320203624
STEELWGT_COUNT,C_CONT,-2027.421727
STEELWGT_COUNT,TIMEOFOXYGEN,-11.723328
STEELWGT,SPRAYGUNSEQ,10.19750438
STEELWGT,SUBLANCE_AGE,-8.281204689
STEELWGT,COLDPIGWGT,0.780547499
STEELWGT,SCRAP_NUM,1651.032434
STEELWGT,N2CONSUME,-4.952259576
STEELWGT,MIRON_MN,16139.52417
STEELWGT,FURNACESEQ,-0.328464007
STEELWGT,SUBLANCE_INDEPTH,-9.113921744
STEELWGT,CARBONTEMPERATURE,-1.722171961
STEELWGT,SCRAPWGT,-0.070588014
STEELWGT,FIRSTCATCHCARBONC,8043.589493
STEELWGT,SCRAP_16010101,-0.946372244
STEELWGT,L12010601,1.705717507
STEELWGT,BEFARTEMP,-2.927900655
STEELWGT,L12020301,-1.923257623
STEELWGT,SCRAP_16020101,-1.004228933
STEELWGT,TOTALTIMEOFOXYGEN,4.594923155
STEELWGT,MIRON_SI,1929.503906
STEELWGT,MIRON_TEMP,2.126344515
STEELWGT,HEAT_WGT,0.070550541
STEELWGT,SCRAPWGT_COUNT,0.310894015
STEELWGT,TOTALOXYGENCONSUME,-10.91789795
STEELWGT,SCRAP_96052200,0.135645253
STEELWGT,TIMEOFOXYGEN,47.3175263
STEELWGT,FIRSTCATCHOXYGENCONSUME,-8.816129655
STEELWGT,SCRAP_96053101,-0.234006856
STEELWGT,O_CONT,3.324994058
STEELWGT,C_CONT,-2951.196935
STEELWGT,MIRON_C,-1730.620314
STEELWGT,L96020400,-0.061441536
SN,SUBLANCE_INDEPTH,5.08E-06
SN,CARBONTEMPERATURE,9.41E-08
SN,FURNACESEQ,2.98E-08
SN,BEFARTEMP,-4.59E-08
SN,HEAT_WGT,1.78E-07
SN,L96053601,1.04E-07
SN,DOWNFURNACETIMES,-4.17E-05
SN,L12020301,-1.27E-07
SN,MIRON_MN,-0.000796969
SN,SCRAP_NUM,2.06E-05
SN,N2CONSUME,7.07E-08
SN,L12010601,-2.00E-08
SN,SCRAP_16020101,2.78E-08
SN,FIRSTCATCHOXYGENCONSUME,8.74E-08
SN,SUBLANCE_AGE,5.49E-09
SN,SPRAYGUNSEQ,2.35E-08
SN,FIRSTCATCHCARBONC,-3.09E-05
SN,MIRON_WGT,4.72E-10
SN,MIRON_TEMP,-3.06E-08
SN,SCRAP_96053101,1.10E-08
SN,SCRAP_96052200,8.81E-10
SN,L96040100,5.15E-09
SN,SCRAPWGT,-3.68E-09
SN,LADLESTATUS,-7.61E-05
SN,TIMEOFOXYGEN,-6.47E-07
SN,LEQHEIGH,-3.32E-07
SN,MIRON_P,0.002217361
SN,MIRON_S,-0.001629778
SN,MIRON_C,2.23E-05
SN,SCRAPWGT_COUNT,-1.45E-08
SI,SCRAP_96052200,6.56E-06
SI,HEAT_WGT,-2.16E-07
SI,SPRAYGUNSEQ,2.92E-05
SI,SCRAP_96053101,1.34E-06
SI,L96040200,-1.41E-05
SI,L96053601,-3.97E-05
SI,SCRAPWGT,1.19E-06
SI,L1602010074,-4.05E-06
SI,LEQHEIGH,-7.12E-05
SI,SCRAP_NUM,0.001020511
SI,L96020400,4.19E-07
SI,MIRON_S,-0.012644511
SI,MIRON_WGT,1.37E-07
SI,CARBONTEMPERATURE,6.60E-06
SI,O_CONT,-5.07E-06
SI,FIRSTCATCHOXYGENCONSUME,-2.67E-05
SI,L12010302,-1.26E-05
SI,TIMEOFOXYGEN,0.000109221
SI,BEFARTEMP,1.90E-06
SI,FIRSTCATCHCARBONC,0.011937543
SI,TOTALTIMEOFOXYGEN,2.52E-07
SI,L96040100,6.96E-06
SI,SCRAPWGT_COUNT,-2.77E-06
SI,MIRON_SI,0.008497111
SI,COLDPIGWGT,-7.48E-06
SI,DOWNFURNACETIMES,0.002341796
SI,MIRON_P,-0.016412859
SI,N2CONSUME,2.20E-06
SI,SCRAP_16040101,8.64E-05
SI,SCRAP_16010101,-4.99E-08
S,L12020301,-2.97E-06
S,O_CONT,4.75E-06
S,SCRAP_96053101,6.32E-07
S,HEAT_WGT,7.59E-07
S,MIRON_MN,-0.024869117
S,SCRAP_96052200,3.49E-07
S,L12010601,2.07E-07
S,SCRAP_16010101,1.51E-07
S,SCRAPWGT,3.26E-08
S,SPRAYGUNSEQ,-2.85E-07
S,LEQHEIGH,-5.32E-07
S,L96040200,1.69E-06
S,SUBLANCE_INDEPTH,-6.55E-05
S,L96053601,-5.80E-06
S,L96020400,4.88E-07
S,SCRAP_16020101,4.77E-07
S,MIRON_C,0.001179036
S,COLDPIGWGT,1.50E-07
S,SUBLANCE_AGE,1.15E-06
S,L1602010074,1.23E-06
S,L96040100,-1.11E-06
S,MIRON_TEMP,-7.88E-07
S,SCRAPWGT_COUNT,-3.90E-07
S,CARBONTEMPERATURE,1.86E-06
S,BEFARTEMP,2.33E-07
S,SUM_BO_CSM,2.72E-07
S,FURNACESEQ,-2.73E-07
S,MIRON_P,0.015964876
S,TIMEOFOXYGEN,3.01E-06
S,L12020201,6.24E-07
PB,SCRAP_16040101,9.45E-06
PB,MIRON_S,0.014623026
PB,SUBLANCE_INDEPTH,1.45E-05
PB,L96040100,-3.85E-07
PB,HEAT_WGT,1.35E-07
PB,L96040200,8.81E-07
PB,SPRAYGUNSEQ,-5.00E-08
PB,MIRON_C,0.000450545
PB,SCRAP_16010101,7.92E-08
PB,FIRSTCATCHCARBONC,0.00019296
PB,L1602010074,7.71E-07
PB,FIRSTCATCHOXYGENCONSUME,2.44E-08
PB,CARBONTEMPERATURE,2.18E-07
PB,BEFARTEMP,-5.25E-07
PB,N2CONSUME,2.04E-09
PB,DOWNFURNACETIMES,-3.90E-05
PB,FURNACESEQ,-1.38E-07
PB,TIMEOFOXYGEN,-2.83E-07
PB,TOTALTIMEOFOXYGEN,3.28E-07
PB,SCRAP_NUM,-3.64E-05
PB,SCRAP_16030101,1.42E-09
PB,L12010601,5.48E-07
PB,MIRON_MN,-0.000755584
PB,SUM_BO_CSM,1.35E-07
PB,SCRAP_96053101,-3.24E-08
PB,SCRAP_96052200,-1.68E-08
PB,TOTALOXYGENCONSUME,-8.76E-07
PB,L96053601,-5.84E-07
PB,MIRON_WGT,3.09E-09
PB,MIRON_P,-0.015852076
P,L12020301,-1.07E-06
P,MIRON_S,0.003799703
P,L12010601,-5.82E-07
P,MIRON_MN,-0.007215317
P,HEAT_WGT,1.02E-06
P,SCRAP_96052200,-5.23E-08
P,SCRAP_96053101,9.81E-08
P,L96040100,-6.12E-08
P,O_CONT,1.03E-06
P,FURNACESEQ,2.23E-07
P,L96053601,-7.17E-07
P,SCRAP_NUM,-8.06E-06
P,L12010302,-3.12E-08
P,FIRSTCATCHCARBONC,0.000753623
P,LADLESTATUS,0.000149917
P,MIRON_C,0.00054881
P,L1602010074,-1.13E-06
P,CARBONTEMPERATURE,1.64E-07
P,DOWNFURNACETIMES,-6.10E-05
P,FIRSTCATCHOXYGENCONSUME,4.89E-07
P,SPRAYGUNSEQ,-3.11E-07
P,BEFARTEMP,-1.19E-07
P,L96020400,7.01E-08
P,FIRSTCATCHCARBONP,-0.001106895
P,SCRAPWGT_COUNT,4.22E-08
P,LEQHEIGH,-1.46E-06
P,SCRAP_16040101,4.61E-07
P,TIMEOFOXYGEN,-1.01E-06
P,SCRAPWGT,-6.74E-08
P,COLDPIGWGT,2.73E-07
NI,O_CONT,2.22E-05
NI,L12020301,-1.14E-06
NI,SUBLANCE_INDEPTH,1.69E-05
NI,PERIOD,1.75E-07
NI,FIRSTCATCHOXYGENCONSUME,-1.25E-06
NI,LADLESTATUS,-0.001093091
NI,TIMEOFOXYGEN,2.47E-07
NI,SUM_BO_CSM,-5.77E-07
NI,SCRAP_16030101,3.05E-07
NI,TOTALTIMEOFOXYGEN,3.12E-06
NI,SCRAP_16010101,-4.71E-07
NI,SCRAP_16020101,2.07E-07
NI,TOTALOXYGENCONSUME,-5.00E-06
NI,C_CONT,0.004896107
NI,MIRON_S,-0.042548099
NI,MIRON_P,0.05467736
NI,DOWNFURNACETIMES,0.000828213
NI,MIRON_C,-0.000281823
NI,MIRON_MN,-0.01318434
NI,FURNACESEQ,-1.45E-06
NI,FIRSTCATCHCARBONC,-0.002554642
NI,CARBONTEMPERATURE,2.79E-06
NI,BEFARTEMP,-4.35E-06
NI,L12010601,-9.72E-08
NI,SCRAP_96053101,-4.65E-07
NI,N2CONSUME,-3.76E-07
NI,SCRAP_96052200,1.31E-07
NI,L96053601,-5.86E-06
NI,L96040100,8.17E-08
NI,MIRON_SI,-0.001080348
NB,MIRON_C,0.000171317
NB,FURNACESEQ,7.79E-08
NB,SCRAPWGT_COUNT,6.37E-08
NB,MIRON_P,-0.005800483
NB,SCRAPWGT,1.40E-08
NB,SCRAP_16030101,-2.10E-07
NB,SCRAP_16020101,4.21E-08
NB,L96040200,-3.54E-08
NB,SCRAP_16010101,-5.75E-08
NB,SUBLANCE_AGE,-5.14E-08
NB,MIRON_S,0.005422614
NB,SCRAP_96053101,-8.52E-08
NB,SCRAP_96052200,-5.17E-08
NB,HEAT_WGT,-1.75E-08
NB,MIRON_TEMP,6.36E-08
NB,L12010601,-4.99E-08
NB,L96053601,-2.25E-08
NB,SPRAYGUNSEQ,-3.70E-08
NB,L12010302,1.39E-07
NB,COLDPIGWGT,-5.43E-08
NB,BEFARTEMP,5.39E-08
NB,MIRON_MN,-0.001076516
NB,MIRON_SI,0.000267888
NB,MIRON_WGT,-5.30E-10
NB,O_CONT,-1.52E-07
NB,CARBONTEMPERATURE,-7.16E-08
NB,L12020301,8.64E-08
NB,DOWNFURNACETIMES,-7.44E-06
NB,N2CONSUME,3.36E-08
NB,TOTALTIMEOFOXYGEN,-1.76E-08
N,SCRAP_16030101,4.04E-07
N,FURNACESEQ,-2.37E-07
N,COLDPIGWGT,2.44E-07
N,SCRAP_16010101,-1.43E-07
N,SCRAPWGT,4.02E-08
N,SUBLANCE_AGE,-1.60E-06
N,L12020301,1.19E-06
N,MIRON_SI,0.002110712
N,L12010601,1.26E-06
N,L96053601,-5.11E-07
N,SCRAP_16020101,5.75E-08
N,SCRAP_NUM,0.000170878
N,L96040200,-2.97E-07
N,L12010302,-1.06E-07
N,SCRAP_96052200,-7.28E-08
N,LADLESTATUS,0.000336401
N,TIMEOFOXYGEN,3.84E-07
N,FIRSTCATCHCARBONC,-4.45E-05
N,MIRON_C,-0.000382662
N,N2CONSUME,-1.20E-07
N,FIRSTCATCHOXYGENCONSUME,1.72E-07
N,HEAT_WGT,1.45E-07
N,L12020201,-2.24E-07
N,L96020400,5.77E-08
N,SUBLANCE_INDEPTH,1.94E-06
N,MIRON_S,-0.001627541
N,MIRON_WGT,8.06E-09
N,BEFARTEMP,1.45E-07
N,O_CONT,1.25E-06
N,LEQHEIGH,-1.35E-06
MO,SUBLANCE_INDEPTH,8.31E-05
MO,HEAT_WGT,-8.38E-07
MO,FIRSTCATCHOXYGENCONSUME,2.84E-06
MO,MIRON_P,0.001512755
MO,N2CONSUME,8.13E-07
MO,SUM_BO_CSM,1.18E-07
MO,TIMEOFOXYGEN,-1.59E-05
MO,MIRON_C,-0.000310407
MO,TOTALTIMEOFOXYGEN,1.02E-06
MO,LADLESTATUS,-0.000291985
MO,SCRAP_16010101,9.79E-08
MO,SPRAYGUNSEQ,-1.90E-06
MO,MIRON_S,-0.003169012
MO,TOTALOXYGENCONSUME,-2.05E-06
MO,C_CONT,0.00175199
MO,CARBONTEMPERATURE,-5.53E-07
MO,MIRON_SI,7.13E-05
MO,FURNACESEQ,-3.20E-07
MO,L12020301,-1.01E-06
MO,PERIOD,3.13E-08
MO,SCRAP_NUM,3.74E-05
MO,BEFARTEMP,-1.83E-06
MO,MIRON_WGT,1.69E-08
MO,SCRAP_96053101,-8.94E-08
MO,FIRSTCATCHCARBONC,-0.001272776
MO,L12010601,-1.70E-06
MO,SCRAP_96052200,3.16E-08
MO,DOWNFURNACETIMES,0.000158187
MO,SCRAP_16020101,-2.61E-07
MO,SCRAP_16030101,1.38E-07
MN,HEAT_WGT,-1.61E-05
MN,O_CONT,-5.98E-05
MN,SCRAP_96052200,6.45E-06
MN,FIRSTCATCHCARBONC,0.01769947
MN,L1602010074,-1.28E-05
MN,L12020301,0.000131452
MN,SPRAYGUNSEQ,1.91E-05
MN,L96020400,1.26E-07
MN,SCRAPWGT,2.17E-06
MN,L96040200,-5.62E-06
MN,FURNACESEQ,9.66E-06
MN,LEQHEIGH,-0.000124557
MN,L12010302,-4.08E-06
MN,SCRAP_96053101,6.50E-07
MN,L12010601,5.79E-05
MN,N2CONSUME,-9.11E-06
MN,CARBONTEMPERATURE,1.87E-05
MN,MIRON_P,-0.224431117
MN,SCRAP_16020101,1.71E-06
MN,SUBLANCE_INDEPTH,-0.000312785
MN,SUBLANCE_AGE,4.05E-05
MN,SCRAPWGT_COUNT,-4.61E-06
MN,PERIOD,4.25E-07
MN,MIRON_WGT,6.50E-08
MN,TIMEOFOXYGEN,0.000110864
MN,MIRON_TEMP,1.10E-05
MN,BEFARTEMP,3.12E-06
MN,COLDPIGWGT,3.24E-06
MN,MIRON_MN,0.155549348
MN,FIRSTCATCHOXYGENCONSUME,-2.32E-05
LDG_TOTAL_SLAB_WGT,FURNACESEQ,0.346271604
LDG_TOTAL_SLAB_WGT,MIRON_C,1910.973934
LDG_TOTAL_SLAB_WGT,SCRAP_96053101,-0.19570591
LDG_TOTAL_SLAB_WGT,L96053601,-0.008196283
LDG_TOTAL_SLAB_WGT,SCRAP_NUM,172.6282846
LDG_TOTAL_SLAB_WGT,L96040200,-0.025764787
LDG_TOTAL_SLAB_WGT,L96040100,-0.020775844
LDG_TOTAL_SLAB_WGT,SCRAP_16010101,0.016845455
LDG_TOTAL_SLAB_WGT,L12010601,-0.295186959
LDG_TOTAL_SLAB_WGT,SCRAP_96052200,0.081871777
LDG_TOTAL_SLAB_WGT,MIRON_SI,-1344.275905
LDG_TOTAL_SLAB_WGT,LEQHEIGH,-0.884340287
LDG_TOTAL_SLAB_WGT,O_CONT,0.371301652
LDG_TOTAL_SLAB_WGT,SCRAPWGT,0.048686914
LDG_TOTAL_SLAB_WGT,FIRSTCATCHCARBONP,468.0906581
LDG_TOTAL_SLAB_WGT,N2CONSUME,0.253072265
LDG_TOTAL_SLAB_WGT,FIRSTCATCHOXYGENCONSUME,-0.027368211
LDG_TOTAL_SLAB_WGT,L96020400,0.003100384
LDG_TOTAL_SLAB_WGT,FIRSTCATCHCARBONC,-314.8973391
LDG_TOTAL_SLAB_WGT,MIRON_MN,603.7739838
LDG_TOTAL_SLAB_WGT,SPRAYGUNSEQ,0.024618586
LDG_TOTAL_SLAB_WGT,HEAT_WGT,0.572817181
LDG_TOTAL_SLAB_WGT,L12010302,0.132698638
LDG_TOTAL_SLAB_WGT,SCRAP_16030101,-0.060762938
LDG_TOTAL_SLAB_WGT,SUBLANCE_INDEPTH,-6.52890578
LDG_TOTAL_SLAB_WGT,SCRAPWGT_COUNT,-0.137056696
LDG_TOTAL_SLAB_WGT,MIRON_P,-370.8572914
LDG_TOTAL_SLAB_WGT,LADLESTATUS,179.3399766
LDG_TOTAL_SLAB_WGT,L12020301,-0.376243182
LDG_STEELWGT_COUNT,FURNACESEQ,-0.236686809
LDG_STEELWGT_COUNT,MIRON_C,440.6032255
LDG_STEELWGT_COUNT,SCRAP_96053101,-0.192247289
LDG_STEELWGT_COUNT,L96040200,-0.005547554
LDG_STEELWGT_COUNT,SCRAP_NUM,241.6860734
LDG_STEELWGT_COUNT,L96053601,-0.100679569
LDG_STEELWGT_COUNT,SCRAPWGT,0.038252069
LDG_STEELWGT_COUNT,L96040100,-0.017078677
LDG_STEELWGT_COUNT,SCRAP_16010101,0.101591369
LDG_STEELWGT_COUNT,SCRAP_96052200,0.094402243
LDG_STEELWGT_COUNT,MIRON_MN,628.488857
LDG_STEELWGT_COUNT,L12010601,-0.350865279
LDG_STEELWGT_COUNT,MIRON_SI,-953.4668373
LDG_STEELWGT_COUNT,LEQHEIGH,-0.022297369
LDG_STEELWGT_COUNT,L96020400,0.011080233
LDG_STEELWGT_COUNT,N2CONSUME,0.346733788
LDG_STEELWGT_COUNT,O_CONT,-0.075292766
LDG_STEELWGT_COUNT,COLDPIGWGT,0.803167118
LDG_STEELWGT_COUNT,MIRON_P,-832.0476029
LDG_STEELWGT_COUNT,L12010302,0.116135046
LDG_STEELWGT_COUNT,FIRSTCATCHOXYGENCONSUME,-0.070525016
LDG_STEELWGT_COUNT,FIRSTCATCHCARBONP,257.1776832
LDG_STEELWGT_COUNT,HEAT_WGT,0.195204924
LDG_STEELWGT_COUNT,L1602010074,0.081605273
LDG_STEELWGT_COUNT,SCRAPWGT_COUNT,0.613929184
LDG_STEELWGT_COUNT,SCRAP_16030101,-0.042301236
LDG_STEELWGT_COUNT,FIRSTCATCHCARBONC,-180.4070718
LDG_STEELWGT_COUNT,LADLESTATUS,239.6107352
LDG_STEELWGT_COUNT,MIRON_TEMP,-0.054936225
FE,O_CONT,-0.000135369
FE,L1602010074,0.000790677
FE,FIRSTCATCHCARBONC,-0.630033314
FE,HEAT_WGT,0.007885808
FE,SCRAP_96052200,5.62E-05
FE,L96040200,-8.95E-05
FE,SPRAYGUNSEQ,-0.002989349
FE,L12020301,0.003911757
FE,SCRAPWGT,-9.58E-05
FE,L96020400,0.000154679
FE,LEQHEIGH,-0.005764286
FE,L12010601,0.001671916
FE,L12010302,-0.000481548
FE,SUBLANCE_INDEPTH,0.07878482
FE,SCRAPWGT_COUNT,6.39E-05
FE,SUM_BO_CSM,-0.000876533
FE,CARBONTEMPERATURE,-0.001297121
FE,SCRAP_16020101,-0.000170832
FE,N2CONSUME,0.000755052
FE,TIMEOFOXYGEN,0.002250578
FE,COLDPIGWGT,0.000599101
FE,MIRON_P,-16.66655094
FE,MIRON_TEMP,0.00148916
FE,C_CONT,-1.215226706
FE,SUBLANCE_AGE,0.003571851
FE,FIRSTCATCHOXYGENCONSUME,0.00211042
FE,PERIOD,-3.57E-05
FE,BEFARTEMP,-0.000143576
FE,SCRAP_96053101,6.35E-05
FE,MIRON_SI,5.079101466
CU,HEAT_WGT,-1.46E-06
CU,O_CONT,3.00E-06
CU,SCRAP_16010101,-9.92E-08
CU,L12020301,-5.81E-07
CU,FURNACESEQ,-7.19E-07
CU,SCRAP_16030101,2.36E-07
CU,SCRAP_16020101,2.65E-07
CU,SCRAP_NUM,-0.000266253
CU,TIMEOFOXYGEN,3.35E-07
CU,FIRSTCATCHOXYGENCONSUME,6.97E-07
CU,SUM_BO_CSM,-2.58E-07
CU,DOWNFURNACETIMES,0.000314165
CU,LADLESTATUS,-0.000124666
CU,MIRON_WGT,2.39E-09
CU,SUBLANCE_INDEPTH,-3.38E-06
CU,PERIOD,2.27E-08
CU,SCRAP_96052200,1.11E-07
CU,L96020400,1.35E-07
CU,L96053601,-9.15E-07
CU,TOTALTIMEOFOXYGEN,2.47E-07
CU,TOTALOXYGENCONSUME,-1.12E-06
CU,L96040100,-5.39E-08
CU,C_CONT,0.000602175
CU,FIRSTCATCHCARBONC,-0.00058823
CU,MIRON_SI,-0.000372533
CU,N2CONSUME,-2.35E-07
CU,L12010302,-7.41E-07
CU,L96040200,1.37E-07
CU,L1602010074,3.14E-06
CU,SCRAP_96053101,3.00E-08
CR,HEAT_WGT,2.50E-07
CR,FURNACESEQ,4.90E-06
CR,SCRAP_16030101,-5.57E-06
CR,SCRAP_96053101,-5.01E-06
CR,L1602010074,-1.80E-06
CR,O_CONT,-2.70E-05
CR,MIRON_S,-0.040620307
CR,L96040200,-7.94E-07
CR,SCRAP_16020101,-5.73E-06
CR,MIRON_WGT,6.98E-08
CR,MIRON_SI,0.003595732
CR,PERIOD,2.93E-07
CR,L96020400,-1.46E-07
CR,SCRAPWGT_COUNT,3.88E-06
CR,FIRSTCATCHCARBONC,0.005486134
CR,SPRAYGUNSEQ,-8.13E-06
CR,BEFARTEMP,2.05E-06
CR,MIRON_P,0.025938669
CR,TOTALTIMEOFOXYGEN,4.35E-06
CR,SCRAP_96052200,-5.44E-06
CR,SCRAP_NUM,-0.00063227
CR,LEQHEIGH,1.78E-06
CR,TOTALOXYGENCONSUME,-1.70E-05
CR,SUBLANCE_AGE,-2.83E-05
CR,L12020301,-7.47E-06
CR,SCRAPWGT,8.94E-07
CR,L12010302,-9.62E-07
CR,SUM_BO_CSM,3.91E-07
CR,DOWNFURNACETIMES,0.000353015
CR,COLDPIGWGT,-4.89E-06
CO,L96040200,-1.41E-08
CO,FURNACESEQ,-1.34E-07
CO,L1602010074,5.65E-09
CO,MIRON_SI,0.000199996
CO,SPRAYGUNSEQ,9.35E-08
CO,SCRAP_16010101,-1.87E-08
CO,SCRAP_96053101,1.71E-08
CO,MIRON_WGT,-2.20E-10
CO,MIRON_MN,-0.00015112
CO,MIRON_TEMP,7.46E-08
CO,SCRAPWGT,1.66E-08
CO,LADLESTATUS,6.56E-05
CO,BEFARTEMP,-7.45E-08
CO,L12010601,1.21E-09
CO,L96040100,1.13E-08
CO,CARBONTEMPERATURE,-1.54E-08
CO,SUBLANCE_INDEPTH,3.75E-06
CO,SUBLANCE_AGE,3.48E-07
CO,DOWNFURNACETIMES,2.19E-05
CO,COLDPIGWGT,-9.07E-09
CO,MIRON_S,-0.000582165
CO,L12010302,1.48E-08
CO,L12020301,1.62E-07
CO,SCRAP_16030101,-3.05E-08
CO,L96020400,1.87E-09
CO,SCRAP_NUM,4.38E-06
CO,LEQHEIGH,-3.52E-07
CO,HEAT_WGT,2.37E-07
CO,MIRON_C,-2.11E-05
CO,TOTALTIMEOFOXYGEN,4.36E-08
CE,MIRON_C,0.000221645
CE,SCRAPWGT_COUNT,1.05E-07
CE,MIRON_P,-0.006464379
CE,SCRAP_16020101,-8.97E-10
CE,L1602010074,-8.82E-08
CE,SUBLANCE_AGE,2.97E-08
CE,SCRAPWGT,2.71E-08
CE,MIRON_S,0.006389448
CE,SCRAP_16030101,-2.93E-07
CE,SCRAP_16010101,-1.06E-07
CE,FURNACESEQ,8.12E-09
CE,COLDPIGWGT,-7.60E-08
CE,L12010302,1.40E-07
CE,SCRAP_96053101,-1.48E-07
CE,MIRON_MN,-0.001940581
CE,SPRAYGUNSEQ,-5.99E-08
CE,MIRON_TEMP,9.48E-08
CE,HEAT_WGT,5.81E-09
CE,MIRON_SI,0.000423668
CE,L96053601,-5.29E-08
CE,L12010601,-1.25E-07
CE,SCRAP_96052200,-1.13E-07
CE,L96020400,9.55E-10
CE,O_CONT,-2.61E-07
CE,L12020301,1.30E-07
CE,LEQHEIGH,4.61E-08
CE,N2CONSUME,3.57E-08
CE,BEFARTEMP,6.60E-09
CE,TIMEOFOXYGEN,-2.72E-07
CE,L96040100,-5.72E-09
CA,LADLESTATUS,7.55E-06
CA,FURNACESEQ,-1.46E-08
CA,HEAT_WGT,8.94E-08
CA,SCRAP_16030101,4.10E-07
CA,LEQHEIGH,1.24E-07
CA,MIRON_SI,0.000225876
CA,SCRAP_96052200,3.79E-07
CA,L12020301,-2.30E-07
CA,MIRON_MN,-0.000927696
CA,SCRAP_16010101,3.71E-07
CA,SCRAP_96053101,3.79E-07
CA,L96020400,2.02E-09
CA,MIRON_WGT,4.73E-10
CA,SCRAPWGT_COUNT,-3.68E-07
CA,SPRAYGUNSEQ,-1.18E-07
CA,SCRAP_16020101,3.59E-07
CA,L12010302,4.76E-09
CA,SUBLANCE_AGE,-3.78E-08
CA,O_CONT,-2.13E-08
CA,SUM_BO_CSM,6.52E-09
CA,DOWNFURNACETIMES,7.44E-06
CA,FIRSTCATCHCARBONC,-5.34E-05
CA,MIRON_P,0.000225148
CA,BEFARTEMP,1.76E-08
CA,MIRON_S,0.000135928
CA,C_CONT,5.18E-05
CA,L1602010074,-4.99E-08
CA,L96040200,3.78E-10
CA,CARBONTEMPERATURE,1.14E-08
CA,PERIOD,4.32E-10
C,O_CONT,-0.000252942
C,FIRSTCATCHCARBONC,0.116329276
C,L96040200,-1.20E-05
C,L1602010074,-5.68E-05
C,HEAT_WGT,-1.86E-05
C,SCRAP_96052200,-6.62E-05
C,SPRAYGUNSEQ,3.93E-05
C,SUBLANCE_INDEPTH,0.000465975
C,SCRAPWGT,2.41E-06
C,SUM_BO_CSM,-5.90E-06
C,L12010601,0.000126701
C,L96020400,-5.17E-07
C,LEQHEIGH,0.000163923
C,L12010302,-2.49E-06
C,SCRAP_16020101,-8.02E-05
C,SCRAPWGT_COUNT,7.04E-05
C,SUBLANCE_AGE,9.99E-05
C,TOTALOXYGENCONSUME,-0.000386268
C,L12020301,0.00032785
C,MIRON_SI,0.05563913
C,COLDPIGWGT,1.33E-05
C,TOTALTIMEOFOXYGEN,7.28E-05
C,CARBONTEMPERATURE,2.20E-05
C,DOWNFURNACETIMES,-0.011448965
C,MIRON_MN,-0.057895446
C,SCRAP_16030101,-6.51E-05
C,SCRAP_16010101,-7.49E-05
C,SCRAP_96053101,-7.44E-05
C,MIRON_TEMP,7.88E-06
C,LADLESTATUS,-0.028855621
BI,SCRAP_NUM,-4.69E-05
BI,L96020400,1.39E-08
BI,L96040100,1.83E-08
BI,FURNACESEQ,-1.35E-07
BI,SCRAP_96053101,3.78E-08
BI,L12010302,-3.34E-08
BI,L96053601,-1.39E-08
BI,MIRON_WGT,-8.92E-10
BI,LEQHEIGH,4.63E-07
BI,SPRAYGUNSEQ,-2.43E-07
BI,COLDPIGWGT,1.80E-08
BI,MIRON_MN,-0.001352919
BI,HEAT_WGT,4.90E-08
BI,SCRAP_96052200,1.44E-08
BI,SCRAPWGT,-3.82E-09
BI,L1602010074,4.01E-08
BI,SUBLANCE_AGE,3.70E-07
BI,FIRSTCATCHOXYGENCONSUME,1.05E-08
BI,O_CONT,1.70E-07
BI,DOWNFURNACETIMES,5.67E-06
BI,MIRON_C,7.62E-05
BI,CARBONTEMPERATURE,-8.26E-08
BI,TIMEOFOXYGEN,2.00E-07
BI,MIRON_SI,-0.000105767
BI,MIRON_S,0.000753054
BI,N2CONSUME,7.00E-09
BI,L12010601,-2.09E-07
BI,TOTALTIMEOFOXYGEN,-1.82E-08
BI,BEFARTEMP,6.25E-08
BI,SCRAP_16010101,2.51E-08
B,SPRAYGUNSEQ,1.86E-08
B,SCRAP_16010101,-3.14E-09
B,SCRAP_96053101,1.61E-09
B,MIRON_SI,3.90E-05
B,MIRON_S,4.01E-05
B,SCRAPWGT,8.53E-10
B,COLDPIGWGT,6.92E-09
B,L12020301,4.18E-09
B,MIRON_WGT,-1.31E-10
B,LADLESTATUS,1.31E-07
B,MIRON_TEMP,1.15E-08
B,L96053601,-1.47E-08
B,SUM_BO_CSM,-1.20E-09
B,SCRAP_96052200,-8.74E-10
B,HEAT_WGT,1.03E-08
B,DOWNFURNACETIMES,1.71E-06
B,TIMEOFOXYGEN,1.40E-08
B,L12010601,5.96E-09
B,C_CONT,1.86E-06
B,FIRSTCATCHOXYGENCONSUME,-1.39E-09
B,FIRSTCATCHCARBONC,-9.02E-08
B,MIRON_C,1.16E-06
B,SCRAP_NUM,-2.26E-06
B,MIRON_MN,-0.000116008
B,SUBLANCE_AGE,-6.31E-09
B,PERIOD,7.03E-11
B,N2CONSUME,-2.31E-09
B,BEFARTEMP,-1.17E-09
B,SCRAPWGT_COUNT,2.12E-09
B,SCRAP_16030101,-3.41E-09
AL_T,SCRAP_96052200,-2.44E-05
AL_T,O_CONT,8.93E-05
AL_T,FURNACESEQ,-1.32E-05
AL_T,HEAT_WGT,4.25E-05
AL_T,L96040200,3.07E-06
AL_T,SCRAP_96053101,-1.68E-05
AL_T,FIRSTCATCHCARBONC,-0.026904857
AL_T,SCRAP_16030101,-1.71E-05
AL_T,MIRON_WGT,3.00E-08
AL_T,SUBLANCE_AGE,-3.60E-06
AL_T,L1602010074,8.80E-06
AL_T,L12020301,-8.27E-05
AL_T,SCRAP_16020101,-2.02E-05
AL_T,DOWNFURNACETIMES,0.004766392
AL_T,N2CONSUME,-1.37E-05
AL_T,L96020400,9.65E-07
AL_T,MIRON_S,-0.046293175
AL_T,SCRAP_16010101,-1.88E-05
AL_T,MIRON_P,0.004587476
AL_T,TIMEOFOXYGEN,0.000154811
AL_T,BEFARTEMP,-3.30E-06
AL_T,C_CONT,0.02977997
AL_T,SUM_BO_CSM,-5.50E-06
AL_T,SPRAYGUNSEQ,-2.82E-05
AL_T,L12010302,-6.36E-06
AL_T,SUBLANCE_INDEPTH,-7.85E-05
AL_T,LEQHEIGH,-1.65E-05
AL_T,SCRAPWGT_COUNT,2.07E-05
AL_T,FIRSTCATCHOXYGENCONSUME,-1.49E-05
AL_T,RETURNSTEELWEIGHT,-0.019364319
AL_S,SCRAP_96052200,9.11E-05
AL_S,FURNACESEQ,-1.12E-05
AL_S,O_CONT,3.02E-05
AL_S,HEAT_WGT,3.55E-05
AL_S,SCRAP_96053101,9.73E-05
AL_S,L96040200,2.01E-06
AL_S,SCRAP_16030101,9.85E-05
AL_S,SUBLANCE_AGE,-8.36E-07
AL_S,SCRAP_16010101,9.50E-05
AL_S,L1602010074,1.03E-05
AL_S,MIRON_WGT,-3.41E-08
AL_S,SCRAP_16020101,9.47E-05
AL_S,L12020301,-7.18E-05
AL_S,N2CONSUME,-1.14E-05
AL_S,FIRSTCATCHCARBONC,-0.019641271
AL_S,DOWNFURNACETIMES,0.004643792
AL_S,MIRON_P,0.027616806
AL_S,COLDPIGWGT,1.56E-06
AL_S,BEFARTEMP,-6.28E-07
AL_S,MIRON_S,-0.071049087
AL_S,C_CONT,0.020132868
AL_S,L96020400,9.07E-07
AL_S,SCRAPWGT_COUNT,-9.41E-05
AL_S,TIMEOFOXYGEN,9.03E-05
AL_S,SUM_BO_CSM,-4.45E-06
AL_S,LEQHEIGH,-2.07E-05
AL_S,FIRSTCATCHOXYGENCONSUME,-5.74E-06
AL_S,CARBONTEMPERATURE,-1.02E-05
AL_S,L12010302,-7.02E-06
AL_S,SUBLANCE_INDEPTH,0.000277262
TOTALOXYGENCONSUME,FURNACESEQ,0.13023912
TOTALOXYGENCONSUME,SCRAP_16010101,0.001806264
TOTALOXYGENCONSUME,MIRON_SI,-9.790381555
TOTALOXYGENCONSUME,SCRAP_96053101,0.02141474
TOTALOXYGENCONSUME,SCRAP_16030101,0.024482908
TOTALOXYGENCONSUME,SCRAP_96052200,-0.003315292
TOTALOXYGENCONSUME,MIRON_P,-759.7609991
TOTALOXYGENCONSUME,MIRON_S,151.8366046
TOTALOXYGENCONSUME,MIRON_C,-10.0741102
TOTALOXYGENCONSUME,SPRAYGUNSEQ,0.264259423
TOTALOXYGENCONSUME,MIRON_TEMP,-0.02208745
TOTALOXYGENCONSUME,MIRON_MN,558.5503611
TOTALOXYGENCONSUME,RETURNSTEELWEIGHT,-16.48554977
SUM_BO_CSM,SCRAP_96052501,-50.02402761
SUM_BO_CSM,COLDPIGWGT,0.001925
SUM_BO_CSM,SCRAPWGT,0.06103923
SUM_BO_CSM,RETURNSTEELWEIGHT,-40.21363759
SUM_BO_CSM,SCRAP_16010101,0.018111566
SUM_BO_CSM,SCRAPWGT_COUNT,-0.05400521
SUM_BO_CSM,MIRON_WGT,0.001107695
SUM_BO_CSM,MIRON_TEMP,0.030402671
SUM_BO_CSM,MIRON_MN,-600.8811246
SUM_BO_CSM,LADLESTATUS,-10.21619363
SUM_BO_CSM,MIRON_C,178.197505
SUM_BO_CSM,SCRAP_16030101,-0.020509007
SUM_BO_CSM,SPRAYGUNSEQ,1.059724965
SUM_BO_CSM,MIRON_S,768.1471409
SUBLANCE_INDEPTH,SCRAP_16030101,-0.012892461
SUBLANCE_INDEPTH,SPRAYGUNSEQ,0.012878113
SUBLANCE_INDEPTH,SCRAP_96052200,-0.010364069
SUBLANCE_INDEPTH,MIRON_MN,30.83054423
SUBLANCE_INDEPTH,SCRAP_16010101,-0.009959008
SUBLANCE_INDEPTH,MIRON_SI,5.83386901
SUBLANCE_INDEPTH,SCRAPWGT_COUNT,0.010301141
SUBLANCE_INDEPTH,MIRON_P,-13.453333
SUBLANCE_INDEPTH,SCRAP_16020101,-0.009715181
SUBLANCE_INDEPTH,SCRAP_96053101,-0.010890402
SUBLANCE_INDEPTH,COLDPIGWGT,0.000901229
SUBLANCE_INDEPTH,RETURNSTEELWEIGHT,0.82891255
SUBLANCE_INDEPTH,LADLESTATUS,-4.253227419
SUBLANCE_AGE,SCRAP_NUM,-26.0679542
SUBLANCE_AGE,SCRAPWGT_COUNT,-0.006001945
SUBLANCE_AGE,COLDPIGWGT,-0.064390822
SUBLANCE_AGE,MIRON_MN,-519.8330283
SUBLANCE_AGE,SPRAYGUNSEQ,-0.001452318
SUBLANCE_AGE,SCRAP_16020101,0.006616698
SUBLANCE_AGE,SCRAP_16010101,-0.000144005
SUBLANCE_AGE,SCRAP_16030101,-0.017086727
SUBLANCE_AGE,LADLESTATUS,-42.85399864
SUBLANCE_AGE,SCRAP_96052200,-0.013180617
SUBLANCE_AGE,MIRON_C,51.99717113
SUBLANCE_AGE,MIRON_TEMP,0.027185101
SUBLANCE_AGE,SCRAPWGT,0.021699053
SPRAYGUNSEQ,SCRAP_16010101,-0.020186635
SPRAYGUNSEQ,COLDPIGWGT,0.047720765
SPRAYGUNSEQ,MIRON_MN,12.59308969
SPRAYGUNSEQ,SCRAPWGT,0.00917527
SPRAYGUNSEQ,SCRAP_16030101,0.019074492
SPRAYGUNSEQ,SCRAP_NUM,5.846869761
SPRAYGUNSEQ,MIRON_SI,17.40915441
SPRAYGUNSEQ,MIRON_TEMP,0.010383416
SPRAYGUNSEQ,SCRAPWGT_COUNT,-0.003927411
SPRAYGUNSEQ,LADLESTATUS,99.35583432
SPRAYGUNSEQ,SCRAP_96052200,0.012115392
SPRAYGUNSEQ,SCRAP_16040101,-0.223235316
PERIOD,LADLESTATUS,-554.4298676
PERIOD,MIRON_SI,1280.475291
PERIOD,SCRAP_NUM,-179.6153792
PERIOD,SCRAP_16010101,35.08820234
PERIOD,SCRAP_96053101,35.14169078
PERIOD,SCRAP_96052200,35.06284138
PERIOD,SCRAP_16030101,35.00421845
PERIOD,SPRAYGUNSEQ,2.303308439
PERIOD,SCRAP_16020101,35.14903622
PERIOD,MIRON_C,-88.76513225
PERIOD,SCRAP_16040101,35.15932944
PERIOD,SCRAPWGT_COUNT,-35.00626365
PERIOD,RETURNSTEELWEIGHT,128.7104322
O_CONT,SPRAYGUNSEQ,-0.023656896
O_CONT,SCRAP_16010101,-0.002986876
O_CONT,SCRAP_96053101,-0.008945844
O_CONT,SCRAP_16030101,-0.017386364
O_CONT,MIRON_SI,1.98856389
O_CONT,SCRAP_16040101,0.164864009
O_CONT,SCRAPWGT,0.003728452
O_CONT,COLDPIGWGT,-0.004857209
O_CONT,LADLESTATUS,-6.552172027
O_CONT,SCRAP_NUM,1.902761327
O_CONT,MIRON_MN,60.50243463
O_CONT,SCRAP_96052200,-0.007186021
O_CONT,MIRON_WGT,0.000231532
N2CONSUME,SCRAP_NUM,-39.96681136
N2CONSUME,COLDPIGWGT,0.037620336
N2CONSUME,MIRON_WGT,0.00029592
N2CONSUME,MIRON_SI,380.2790093
N2CONSUME,SCRAPWGT,0.020273557
N2CONSUME,SCRAPWGT_COUNT,-0.001475919
N2CONSUME,MIRON_MN,-607.5613169
N2CONSUME,FURNACESEQ,0.117142143
N2CONSUME,MIRON_S,631.0042213
N2CONSUME,SCRAP_16010101,-0.01915853
N2CONSUME,RETURNSTEELWEIGHT,57.3042503
N2CONSUME,MIRON_P,-776.9980081
N2CONSUME,LADLESTATUS,-149.7313377
LEQHEIGH,SCRAPWGT_COUNT,-0.002410163
LEQHEIGH,FURNACESEQ,-0.006228558
LEQHEIGH,MIRON_WGT,-7.64E-05
LEQHEIGH,MIRON_S,55.77920119
LEQHEIGH,SCRAPWGT,0.001102216
LEQHEIGH,MIRON_P,-29.88824308
LEQHEIGH,MIRON_MN,-7.906673024
LEQHEIGH,SCRAP_NUM,1.76495218
LEQHEIGH,MIRON_SI,4.389113625
LEQHEIGH,COLDPIGWGT,-0.004265875
LEQHEIGH,SPRAYGUNSEQ,-0.003887555
LEQHEIGH,SCRAP_96052200,0.000901417
LEQHEIGH,RETURNSTEELWEIGHT,25.36800254
L96053601,SCRAP_16010101,0.006880947
L96053601,MIRON_S,-409.989038
L96053601,SPRAYGUNSEQ,-0.000874002
L96053601,SCRAP_96053101,-0.016387827
L96053601,SCRAP_16030101,-0.004519905
L96053601,MIRON_SI,-20.14722934
L96053601,SCRAPWGT,0.002114121
L96053601,SCRAPWGT_COUNT,-0.004411819
L96053601,MIRON_MN,340.451262
L96053601,COLDPIGWGT,0.010309383
L96053601,SCRAP_16040101,-0.055783793
L96053601,MIRON_TEMP,0.007463964
L96040200,FURNACESEQ,0.029687956
L96040200,MIRON_WGT,-0.004141851
L96040200,LADLESTATUS,15.3323364
L96040200,SCRAP_96052200,-0.011848943
L96040200,SCRAP_NUM,-2.52243806
L96040200,SCRAP_16010101,-0.009891223
L96040200,MIRON_MN,1573.500315
L96040200,MIRON_P,-1585.814732
L96040200,SPRAYGUNSEQ,-0.484642415
L96040200,MIRON_SI,-219.3311172
L96040200,SCRAPWGT,-0.006389998
L96040200,SCRAP_16020101,-0.007939004
L96040100,MIRON_WGT,-0.00967177
L96040100,FURNACESEQ,0.066156988
L96040100,SCRAP_NUM,-165.5271734
L96040100,SCRAPWGT_COUNT,0.013555686
L96040100,SCRAP_16010101,-0.013638616
L96040100,MIRON_MN,397.0909735
L96040100,MIRON_TEMP,0.137747545
L96040100,COLDPIGWGT,0.032468055
L96040100,SCRAP_16020101,-0.066350051
L96040100,SCRAPWGT,0.064730622
L96040100,MIRON_C,191.7581564
L96040100,SPRAYGUNSEQ,1.024364963
L96020400,SCRAPWGT_COUNT,-0.109607325
L96020400,MIRON_WGT,-0.015285207
L96020400,MIRON_C,348.7979668
L96020400,FURNACESEQ,0.047619653
L96020400,LADLESTATUS,-34.47691958
L96020400,SCRAPWGT,0.087980138
L96020400,SPRAYGUNSEQ,-0.100002069
L96020400,SCRAP_NUM,27.2313111
L96020400,COLDPIGWGT,-0.15931556
L96020400,SCRAP_96052200,-0.029116342
L96020400,SCRAP_16020101,-0.064211952
L96020400,MIRON_MN,-681.3628683
L1602010074,MIRON_MN,89.82756882
L1602010074,SCRAP_16010101,0.001313185
L1602010074,SCRAP_96053101,-0.002100407
L1602010074,SCRAPWGT_COUNT,-0.001085356
L1602010074,SCRAP_NUM,1.248653675
L1602010074,LADLESTATUS,-2.510594939
L1602010074,COLDPIGWGT,0.00360443
L1602010074,MIRON_P,-82.29466274
L1602010074,SCRAP_16020101,0.000784621
L1602010074,MIRON_C,-4.790888803
L1602010074,SCRAP_16030101,-0.001520928
L1602010074,SPRAYGUNSEQ,-0.014874467
L12020301,FURNACESEQ,0.02290514
L12020301,COLDPIGWGT,-0.007694334
L12020301,SCRAP_16030101,0.109946645
L12020301,SCRAP_96052200,0.115485522
L12020301,SCRAP_16010101,0.097510746
L12020301,MIRON_S,-105.9793519
L12020301,SCRAP_NUM,-21.67659555
L12020301,SCRAP_96053101,0.089584202
L12020301,SCRAP_16020101,0.075993871
L12020301,SPRAYGUNSEQ,0.104330654
L12020301,SCRAPWGT_COUNT,-0.090065276
L12020301,MIRON_SI,-7.216977624
L12020201,LADLESTATUS,-31.85580254
L12020201,SCRAP_NUM,2.46869843
L12020201,COLDPIGWGT,-0.002739649
L12020201,SCRAPWGT_COUNT,-0.005155691
L12020201,MIRON_MN,-213.7227506
L12020201,SCRAP_96053101,0.012665413
L12020201,SPRAYGUNSEQ,0.115393174
L12020201,MIRON_C,26.25964338
L12020201,SCRAP_16020101,0.027133181
L12020201,SCRAP_16030101,0.015317614
L12020201,MIRON_SI,-17.42769195
L12020201,SCRAP_16040101,0.144077019
L12010601,SCRAP_16010101,-0.007076422
L12010601,SPRAYGUNSEQ,0.19129807
L12010601,MIRON_WGT,-0.000296574
L12010601,LADLESTATUS,9.344391663
L12010601,SCRAP_16030101,0.018967536
L12010601,MIRON_MN,-1.465281121
L12010601,COLDPIGWGT,-0.000166185
L12010601,SCRAP_96053101,0.001574773
L12010601,SCRAP_16020101,-0.019797903
L12010601,MIRON_C,2.87510666
L12010601,SCRAPWGT_COUNT,0.009190374
L12010601,SCRAPWGT,0.001110944
L12010302,SCRAP_96053101,0.02991891
L12010302,FURNACESEQ,-0.104187316
L12010302,MIRON_WGT,-0.00151593
L12010302,SPRAYGUNSEQ,0.193374162
L12010302,SCRAPWGT,0.004469547
L12010302,SCRAP_96052200,-0.017425389
L12010302,SCRAP_16020101,0.003182291
L12010302,SCRAPWGT_COUNT,0.007179353
L12010302,SCRAP_NUM,-29.40532198
L12010302,MIRON_TEMP,-0.024077543
L12010302,COLDPIGWGT,0.076509082
L12010302,MIRON_C,34.58471498
HEAT_WGT,SCRAP_16020101,33.40795974
HEAT_WGT,MIRON_S,-622.8559339
HEAT_WGT,SCRAP_16030101,33.39551118
HEAT_WGT,SCRAP_96053101,33.38909114
HEAT_WGT,LADLESTATUS,-6.570767169
HEAT_WGT,SPRAYGUNSEQ,0.055504407
HEAT_WGT,SCRAP_96052200,33.39467357
HEAT_WGT,SCRAPWGT,0.00691092
HEAT_WGT,SCRAPWGT_COUNT,-33.40912972
HEAT_WGT,MIRON_C,56.00704459
HEAT_WGT,SCRAP_16010101,33.40807014
HEAT_WGT,COLDPIGWGT,-0.025036818
HEAT_WGT,SCRAP_16040101,33.60695292
FURNACESEQ,SCRAP_96053101,-0.226597564
FURNACESEQ,MIRON_SI,-3.095924529
FURNACESEQ,SCRAP_96052200,-0.069792924
FURNACESEQ,SCRAP_16030101,-0.353516856
FURNACESEQ,MIRON_WGT,0.013163299
FURNACESEQ,SCRAP_NUM,79.00125648
FURNACESEQ,LADLESTATUS,-166.6447272
FURNACESEQ,SPRAYGUNSEQ,0.178805958
FURNACESEQ,MIRON_MN,-403.1993469
FURNACESEQ,SCRAPWGT_COUNT,0.023988033
FURNACESEQ,COLDPIGWGT,-0.179099194
FURNACESEQ,MIRON_TEMP,0.185767069
FIRSTCATCHOXYGENCONSUME,SCRAPWGT,0.059798663
FIRSTCATCHOXYGENCONSUME,MIRON_S,-958.7379552
FIRSTCATCHOXYGENCONSUME,SCRAPWGT_COUNT,0.045428596
FIRSTCATCHOXYGENCONSUME,MIRON_P,-1386.847147
FIRSTCATCHOXYGENCONSUME,COLDPIGWGT,0.339507689
FIRSTCATCHOXYGENCONSUME,SCRAP_NUM,-198.131386
FIRSTCATCHOXYGENCONSUME,MIRON_MN,2029.456504
FIRSTCATCHOXYGENCONSUME,FURNACESEQ,0.561240877
FIRSTCATCHOXYGENCONSUME,RETURNSTEELWEIGHT,-229.1241327
FIRSTCATCHOXYGENCONSUME,MIRON_WGT,-0.001553428
FIRSTCATCHOXYGENCONSUME,SPRAYGUNSEQ,1.48142016
FIRSTCATCHOXYGENCONSUME,SCRAP_96052200,-0.085234796
FIRSTCATCHOXYGENCONSUME,SCRAP_16030101,0.019427825
FIRSTCATCHCARBONP,RETURNSTEELWEIGHT,1.353508268
FIRSTCATCHCARBONP,SCRAP_NUM,0.000555557
FIRSTCATCHCARBONP,MIRON_WGT,2.64E-08
FIRSTCATCHCARBONP,MIRON_MN,-0.022783654
FIRSTCATCHCARBONP,SCRAP_96052200,5.24E-08
FIRSTCATCHCARBONP,MIRON_C,-0.000352909
FIRSTCATCHCARBONP,FURNACESEQ,-3.05E-06
FIRSTCATCHCARBONP,SCRAP_96053101,-4.55E-07
FIRSTCATCHCARBONP,SPRAYGUNSEQ,-1.12E-05
FIRSTCATCHCARBONP,MIRON_P,0.011561083
FIRSTCATCHCARBONP,SCRAP_16020101,-1.62E-07
FIRSTCATCHCARBONP,SCRAPWGT_COUNT,-2.26E-07
FIRSTCATCHCARBONP,SCRAP_16030101,-3.94E-07
FIRSTCATCHCARBONC,RETURNSTEELWEIGHT,1.267299229
FIRSTCATCHCARBONC,SCRAP_16010101,-4.79E-06
FIRSTCATCHCARBONC,MIRON_SI,0.047246095
FIRSTCATCHCARBONC,SCRAP_NUM,0.002723126
FIRSTCATCHCARBONC,FURNACESEQ,1.85E-05
FIRSTCATCHCARBONC,SCRAP_16030101,9.89E-06
FIRSTCATCHCARBONC,SCRAP_96053101,6.16E-06
FIRSTCATCHCARBONC,SPRAYGUNSEQ,0.000116173
FIRSTCATCHCARBONC,COLDPIGWGT,8.20E-06
FIRSTCATCHCARBONC,MIRON_MN,-0.16104165
FIRSTCATCHCARBONC,SCRAP_16020101,-8.18E-06
FIRSTCATCHCARBONC,SCRAPWGT,3.81E-06
FIRSTCATCHCARBONC,MIRON_WGT,6.88E-08
DOWNFURNACETIMES,FURNACESEQ,6.86E-05
DOWNFURNACETIMES,RETURNSTEELWEIGHT,1.038408426
DOWNFURNACETIMES,SCRAP_16010101,2.93E-06
DOWNFURNACETIMES,SCRAP_16030101,8.75E-05
DOWNFURNACETIMES,MIRON_SI,0.116240264
DOWNFURNACETIMES,SCRAP_NUM,-0.025641237
DOWNFURNACETIMES,SCRAP_96053101,5.20E-05
DOWNFURNACETIMES,SCRAP_96052200,1.62E-05
DOWNFURNACETIMES,MIRON_TEMP,2.39E-05
DOWNFURNACETIMES,MIRON_MN,0.428386755
DOWNFURNACETIMES,SCRAPWGT_COUNT,-2.04E-06
DOWNFURNACETIMES,MIRON_WGT,-7.98E-07
DOWNFURNACETIMES,MIRON_P,-0.61369463
C_CONT,RETURNSTEELWEIGHT,1.652466727
C_CONT,SCRAP_NUM,0.003005583
C_CONT,FURNACESEQ,-4.08E-06
C_CONT,MIRON_C,-0.003323227
C_CONT,SCRAPWGT_COUNT,-7.78E-07
C_CONT,MIRON_MN,0.124669408
C_CONT,COLDPIGWGT,1.96E-05
C_CONT,MIRON_WGT,-2.03E-07
C_CONT,SPRAYGUNSEQ,4.47E-05
C_CONT,SCRAP_16020101,-3.07E-07
C_CONT,SCRAP_16010101,1.02E-06
C_CONT,MIRON_SI,-0.050692878
C_CONT,MIRON_TEMP,9.16E-06
CARBONTEMPERATURE,MIRON_MN,-1664.673008
CARBONTEMPERATURE,SCRAP_16030101,-0.080335988
CARBONTEMPERATURE,SCRAPWGT_COUNT,-0.03216606
CARBONTEMPERATURE,SCRAP_96052200,-0.011813001
CARBONTEMPERATURE,SPRAYGUNSEQ,0.438318844
CARBONTEMPERATURE,SCRAP_16010101,-0.004935737
CARBONTEMPERATURE,LADLESTATUS,-89.70150797
CARBONTEMPERATURE,MIRON_WGT,0.001259826
CARBONTEMPERATURE,MIRON_SI,91.3601963
CARBONTEMPERATURE,SCRAPWGT,0.054738665
CARBONTEMPERATURE,MIRON_P,1046.382469
CARBONTEMPERATURE,MIRON_C,126.9901558
CARBONTEMPERATURE,SCRAP_NUM,-22.30407136
BEFARTEMP,SCRAP_16010101,0.005989981
BEFARTEMP,SCRAP_16030101,-0.081964138
BEFARTEMP,SPRAYGUNSEQ,0.366961803
BEFARTEMP,MIRON_SI,122.2053761
BEFARTEMP,MIRON_MN,-406.9771911
BEFARTEMP,SCRAP_96052200,-0.01694368
BEFARTEMP,SCRAP_96053101,-0.031157232
BEFARTEMP,COLDPIGWGT,0.005467765
BEFARTEMP,SCRAPWGT_COUNT,0.009019525
BEFARTEMP,LADLESTATUS,-72.98935554
BEFARTEMP,MIRON_WGT,0.003190878
BEFARTEMP,MIRON_TEMP,0.046305881
BEFARTEMP,MIRON_P,422.0878445
